日期,开盘,最高,最低,收盘,成交量,成交额
2022-01-04,1.539,1.542,1.489,1.504,238557704,358789646
2022-01-05,1.5,1.504,1.434,1.442,298382201,433838415
2022-01-06,1.432,1.444,1.41,1.433,195157917,278759413
2022-01-07,1.434,1.453,1.413,1.418,209206484,298863066
2022-01-10,1.409,1.413,1.38,1.401,210622601,294389550
2022-01-11,1.396,1.399,1.368,1.37,196299306,271241739
2022-01-12,1.377,1.4,1.371,1.393,166765341,230817958
2022-01-13,1.393,1.395,1.366,1.367,215650901,296478514
2022-01-14,1.356,1.403,1.355,1.389,217761360,302625474
2022-01-17,1.39,1.425,1.39,1.421,187087300,264629229
2022-01-18,1.419,1.457,1.413,1.433,202071900,290869980
2022-01-19,1.426,1.435,1.406,1.412,123862360,175597434
2022-01-20,1.411,1.426,1.394,1.395,166625000,234803037
2022-01-21,1.39,1.396,1.368,1.37,190198827,262686480
2022-01-24,1.368,1.396,1.366,1.394,136016100,188189574
2022-01-25,1.385,1.399,1.357,1.358,176710900,243715502
2022-01-26,1.357,1.381,1.35,1.37,153275360,209155017
2022-01-27,1.366,1.373,1.318,1.321,205426739,275795785
2022-01-28,1.325,1.332,1.293,1.294,165447981,216792854
2022-02-07,1.315,1.339,1.297,1.302,141534394,186225696
2022-02-08,1.3,1.3,1.244,1.264,186833900,236163618
2022-02-09,1.26,1.277,1.244,1.276,159946100,201870925
2022-02-10,1.281,1.29,1.268,1.276,180339400,230591264
2022-02-11,1.27,1.282,1.25,1.257,195734900,248222652
2022-02-14,1.244,1.263,1.227,1.243,146192400,181967339
2022-02-15,1.247,1.295,1.245,1.293,237121178,302267844
2022-02-16,1.299,1.305,1.28,1.284,142703400,184004098
2022-02-17,1.276,1.31,1.275,1.294,235324784,304858633
2022-02-18,1.281,1.292,1.278,1.284,132531200,170046899
2022-02-21,1.281,1.289,1.273,1.276,112962600,144432952
2022-02-22,1.271,1.288,1.247,1.283,201848009,256315575
2022-02-23,1.282,1.36,1.281,1.36,349368830,466047536
2022-02-24,1.36,1.369,1.323,1.347,383094053,515712719
2022-02-25,1.37,1.381,1.35,1.356,274165655,374180291
2022-02-28,1.356,1.374,1.349,1.364,220694700,300692880
2022-03-01,1.363,1.371,1.355,1.366,163609700,222909292
2022-03-02,1.357,1.357,1.333,1.344,182256300,244548906
2022-03-03,1.352,1.357,1.314,1.315,229841659,305374358
2022-03-04,1.302,1.355,1.3,1.327,271120047,361680127
2022-03-07,1.316,1.321,1.267,1.271,257438988,331607549
2022-03-08,1.271,1.306,1.25,1.274,324571400,416176468
2022-03-09,1.285,1.31,1.235,1.295,415966979,533563065
2022-03-10,1.33,1.338,1.295,1.297,506186599,663100817
2022-03-11,1.272,1.3,1.262,1.3,306756523,393596403
2022-03-14,1.28,1.289,1.253,1.255,233758268,297411325
2022-03-15,1.234,1.274,1.211,1.212,341588507,422590420
2022-03-16,1.235,1.276,1.192,1.274,471391958,581430731
2022-03-17,1.297,1.32,1.288,1.293,470561078,613116320
2022-03-18,1.286,1.295,1.269,1.282,368054312,471582269
2022-03-21,1.282,1.3,1.275,1.293,232740064,299691042
2022-03-22,1.283,1.293,1.266,1.272,210550500,269151473
2022-03-23,1.275,1.278,1.257,1.27,206496200,261855733
2022-03-24,1.258,1.26,1.232,1.236,268367732,333052636
2022-03-25,1.246,1.26,1.223,1.223,273760607,339131898
2022-03-28,1.207,1.22,1.201,1.208,238689027,288299251
2022-03-29,1.208,1.216,1.176,1.178,312473240,372685483
2022-03-30,1.185,1.203,1.182,1.201,301632453,360091595
2022-03-31,1.196,1.196,1.169,1.174,237204500,279508170
2022-04-01,1.161,1.187,1.158,1.173,233775200,274014942
2022-04-06,1.169,1.169,1.126,1.138,424720717,483155892
2022-04-07,1.127,1.142,1.111,1.111,285847980,320802410
2022-04-08,1.113,1.129,1.092,1.113,348751823,387658066
2022-04-11,1.099,1.1,1.047,1.051,344186831,368286630
2022-04-12,1.045,1.062,1.031,1.06,340097206,357117429
2022-04-13,1.052,1.054,1.03,1.031,323170500,337505384
2022-04-14,1.039,1.066,1.021,1.058,440222900,459454274
2022-04-15,1.037,1.067,1.03,1.056,373325700,393327846
2022-04-18,1.05,1.098,1.047,1.097,428009900,462472618
2022-04-19,1.093,1.098,1.068,1.07,270842754,292007510
2022-04-20,1.071,1.082,1.053,1.058,271919400,290308472
2022-04-21,1.05,1.076,1.031,1.035,305145300,322094256
2022-04-22,1.025,1.041,1.004,1.008,316556739,322702557
2022-04-25,0.986,0.991,0.933,0.934,351567322,340803041
2022-04-26,0.934,0.949,0.905,0.907,279132600,259795387
2022-04-27,0.892,0.973,0.892,0.966,492245281,458243563
2022-04-28,0.958,0.971,0.943,0.957,382204456,365089287
2022-04-29,0.97,1.0,0.955,0.993,342370018,333872416
2022-05-05,0.988,1.016,0.976,0.999,284099283,284713394
2022-05-06,0.968,0.988,0.966,0.972,278240286,271042624
2022-05-09,0.964,0.978,0.957,0.964,161481186,156079904
2022-05-10,0.949,1.014,0.946,0.997,350720515,348021206
2022-05-11,0.998,1.059,0.995,1.035,520206332,539334926
2022-05-12,1.028,1.059,1.026,1.046,417628134,435355524
2022-05-13,1.051,1.055,1.032,1.043,260831869,271747147
2022-05-16,1.05,1.06,1.025,1.028,205447332,213421281
2022-05-17,1.026,1.069,1.024,1.068,336135491,354636843
2022-05-18,1.07,1.082,1.065,1.072,276098806,296193281
2022-05-19,1.051,1.089,1.05,1.087,331570890,356537062
2022-05-20,1.087,1.099,1.073,1.092,248542590,270128861
2022-05-23,1.095,1.102,1.08,1.1,220150915,240459927
2022-05-24,1.095,1.109,1.052,1.054,362700100,392216780
2022-05-25,1.05,1.07,1.045,1.054,208317700,219723998
2022-05-26,1.054,1.057,1.027,1.046,280986700,293192451
2022-05-27,1.054,1.068,1.033,1.04,198833000,209156268
2022-05-30,1.045,1.062,1.032,1.054,199969400,209497421
2022-05-31,1.049,1.077,1.031,1.077,316458208,333061480
2022-06-01,1.07,1.087,1.066,1.075,220036300,236689765
2022-06-02,1.071,1.124,1.069,1.122,390552002,430930534
2022-06-06,1.123,1.154,1.114,1.153,263029885,299922551
2022-06-07,1.15,1.15,1.121,1.131,345390114,391539199
2022-06-08,1.125,1.141,1.107,1.126,281469061,316288514
2022-06-09,1.12,1.123,1.082,1.088,318008222,349912776
2022-06-10,1.076,1.109,1.073,1.108,275629724,301838991
2022-06-13,1.093,1.105,1.081,1.094,271343500,296521493
2022-06-14,1.081,1.082,1.037,1.069,426681648,451014675
2022-06-15,1.068,1.099,1.065,1.081,384973603,418027351
2022-06-16,1.081,1.116,1.079,1.099,375507152,414102109
2022-06-17,1.086,1.097,1.071,1.095,323956134,352146754
2022-06-20,1.1,1.127,1.093,1.11,472578890,524477979
2022-06-21,1.109,1.11,1.085,1.096,344338890,377750080
2022-06-22,1.097,1.1,1.06,1.061,401774105,432452898
2022-06-23,1.061,1.088,1.059,1.087,312990801,336510890
2022-06-24,1.088,1.113,1.083,1.104,394253554,433489965
2022-06-27,1.108,1.129,1.108,1.117,365584815,409189853
2022-06-28,1.118,1.167,1.096,1.166,693354910,783449384
2022-06-29,1.16,1.184,1.139,1.142,656586835,765976141
2022-06-30,1.144,1.175,1.14,1.167,506664841,586754851
2022-07-01,1.167,1.181,1.155,1.168,398935527,465587512
2022-07-04,1.143,1.143,1.111,1.126,645186800,723992100
2022-07-05,1.12,1.139,1.105,1.123,437270900,491118207
2022-07-06,1.121,1.169,1.12,1.141,626723557,719849732
2022-07-07,1.14,1.148,1.12,1.136,335415324,379760316
2022-07-08,1.143,1.168,1.141,1.146,416591221,480892430
2022-07-11,1.135,1.136,1.105,1.112,348585318,389303588
2022-07-12,1.112,1.118,1.073,1.074,400847398,436509750
2022-07-13,1.074,1.081,1.05,1.061,326301322,346676157
2022-07-14,1.057,1.083,1.052,1.072,310862324,333549629
2022-07-15,1.07,1.096,1.067,1.071,340062448,367972740
2022-07-18,1.069,1.077,1.045,1.071,293990878,311088023
2022-07-19,1.07,1.074,1.05,1.061,286903100,304133070
2022-07-20,1.069,1.086,1.069,1.076,273431501,295060726
2022-07-21,1.073,1.117,1.066,1.097,446125767,492186524
2022-07-22,1.105,1.109,1.077,1.085,250970867,273571143
2022-07-25,1.08,1.094,1.068,1.071,214969930,231829744
2022-07-26,1.068,1.076,1.057,1.075,241081600,257439602
2022-07-27,1.074,1.075,1.061,1.065,189203255,202005274
2022-07-28,1.074,1.102,1.074,1.091,407994590,444713112
2022-07-29,1.088,1.09,1.061,1.061,306243949,328470707
2022-08-01,1.051,1.077,1.032,1.077,309308346,327604098
2022-08-02,1.061,1.093,1.051,1.07,375483208,403542678
2022-08-03,1.075,1.131,1.071,1.109,695117922,766692475
2022-08-04,1.113,1.137,1.11,1.128,404568286,454974848
2022-08-05,1.132,1.213,1.125,1.21,897031873,1058633327
2022-08-08,1.224,1.224,1.183,1.201,626156301,750500908
2022-08-09,1.183,1.21,1.161,1.207,779450945,918417109
2022-08-10,1.185,1.22,1.179,1.192,631474265,760815314
2022-08-11,1.196,1.222,1.196,1.211,526638086,636977644
2022-08-12,1.202,1.214,1.182,1.183,335074191,401777867
2022-08-15,1.178,1.193,1.172,1.176,284704523,335607807
2022-08-16,1.173,1.185,1.16,1.165,377051941,441377574
2022-08-17,1.161,1.173,1.151,1.168,354965200,412491334
2022-08-18,1.167,1.191,1.157,1.185,546225726,643023688
2022-08-19,1.18,1.206,1.153,1.154,379654273,446554524
2022-08-22,1.148,1.161,1.136,1.155,280175960,322672109
2022-08-23,1.15,1.161,1.142,1.145,211067379,242627739
2022-08-24,1.146,1.149,1.091,1.092,541893781,601346396
2022-08-25,1.095,1.101,1.072,1.088,318502300,345437266
2022-08-26,1.09,1.094,1.067,1.071,415842000,448198025
2022-08-29,1.053,1.082,1.051,1.073,275077600,295160137
2022-08-30,1.072,1.091,1.07,1.079,278810974,301030769
2022-08-31,1.075,1.084,1.056,1.066,326502224,348647716
2022-09-01,1.069,1.086,1.052,1.055,341676591,365885116
2022-09-02,1.058,1.076,1.052,1.069,302495641,322527876
2022-09-05,1.064,1.071,1.043,1.059,313475741,331997172
2022-09-06,1.062,1.072,1.055,1.071,297239041,316218834
2022-09-07,1.075,1.108,1.073,1.095,448103397,490160103
2022-09-08,1.093,1.098,1.084,1.084,209872000,228534991
2022-09-09,1.086,1.088,1.068,1.08,234492600,252096148
2022-09-13,1.082,1.098,1.076,1.079,203439600,220636230
2022-09-14,1.063,1.085,1.06,1.082,269418034,289066693
2022-09-15,1.084,1.086,1.033,1.046,428890900,452067478
2022-09-16,1.04,1.06,1.035,1.036,347490900,364542202
2022-09-19,1.034,1.048,1.012,1.015,255579408,262695940
2022-09-20,1.019,1.025,1.003,1.01,254168400,257122057
2022-09-21,1.005,1.007,0.985,0.99,307952517,305533740
2022-09-22,0.983,0.997,0.979,0.984,206273500,203863305
2022-09-23,0.984,0.989,0.954,0.959,293094982,283477416
2022-09-26,0.952,0.974,0.95,0.961,246034101,236957166
2022-09-27,0.963,0.981,0.959,0.98,240453746,233805884
2022-09-28,0.978,0.978,0.952,0.953,224410846,216472881
2022-09-29,0.962,0.97,0.949,0.955,194515616,186412116
2022-09-30,0.95,0.957,0.929,0.931,216667860,204464623
2022-10-10,0.924,0.924,0.861,0.864,434831962,384399800
2022-10-11,0.86,0.866,0.848,0.854,284608400,243383617
2022-10-12,0.85,0.887,0.841,0.885,417885339,359134553
2022-10-13,0.88,0.898,0.873,0.882,300187400,266661686
2022-10-14,0.894,0.908,0.88,0.905,366125465,328416779
2022-10-17,0.898,0.929,0.892,0.926,365803917,335216544
2022-10-18,0.93,0.932,0.911,0.918,217044271,199248280
2022-10-19,0.914,0.926,0.91,0.911,227420900,208388988
2022-10-20,0.905,0.964,0.903,0.954,575647578,539064936
2022-10-21,0.942,0.952,0.925,0.94,448060145,419337762
2022-10-24,0.936,0.966,0.931,0.937,381800959,363388063
2022-10-25,0.93,0.949,0.922,0.933,301003600,281535694
2022-10-26,0.931,0.969,0.923,0.963,354824200,337736824
2022-10-27,0.959,0.985,0.951,0.965,338418301,326786368
2022-10-28,0.956,0.988,0.945,0.949,416348426,403410724
2022-10-31,0.944,0.977,0.936,0.969,373074169,360606032
2022-11-01,0.969,0.984,0.959,0.98,341989197,332157224
2022-11-02,0.978,0.997,0.972,0.985,332824518,328590589
2022-11-03,0.975,1.019,0.971,1.016,388326037,389667729
2022-11-04,1.013,1.031,1.005,1.028,388413562,395046602
2022-11-07,1.026,1.037,1.01,1.014,329099853,336245529
2022-11-08,1.015,1.02,0.993,0.999,365779070,365881176
2022-11-09,1.0,1.006,0.99,0.992,228014419,227318349
2022-11-10,0.983,0.996,0.962,0.964,358869200,350180664
2022-11-11,0.999,1.013,0.973,0.974,426703601,423307584
2022-11-14,0.976,0.998,0.966,0.984,338361834,333087087
2022-11-15,0.979,1.049,0.979,1.048,725401636,741470257
2022-11-16,1.048,1.05,1.027,1.033,422053060,438009871
2022-11-17,1.025,1.055,1.003,1.05,585862796,600561615
2022-11-18,1.04,1.058,1.019,1.023,482845752,500540412
2022-11-21,1.013,1.028,1.006,1.015,342382600,347104848
2022-11-22,1.014,1.028,1.0,1.004,318109100,322433240
2022-11-23,1.002,1.009,0.979,0.999,304561900,302750286
2022-11-24,1.0,1.007,0.986,0.988,254501000,252754703
2022-11-25,0.987,1.007,0.98,0.982,311095200,308163204
2022-11-28,0.964,0.975,0.958,0.968,362812342,350818177
2022-11-29,0.968,0.989,0.962,0.984,360369901,351788591
2022-11-30,0.984,0.99,0.972,0.979,295807251,289729904
2022-12-01,0.995,1.007,0.99,0.992,405455324,404952710
2022-12-02,0.987,1.0,0.985,0.985,259972524,257679873
2022-12-05,0.992,0.996,0.98,0.993,329094736,325257806
2022-12-06,0.991,1.023,0.989,1.012,544837940,549735693
2022-12-07,1.008,1.009,1.0,1.002,308349565,309664724
2022-12-08,1.003,1.004,0.986,0.987,308759152,306505901
2022-12-09,0.988,1.006,0.988,0.997,682432694,681276401
2022-12-12,0.998,1.027,0.99,1.018,487969730,493439702
2022-12-13,1.012,1.015,1.0,1.002,306203363,308044317
2022-12-14,1.036,1.04,0.999,1.001,618021958,628439298
2022-12-15,0.996,1.026,0.99,1.015,497573160,505218977
2022-12-16,1.006,1.007,0.99,0.994,434508700,432544384
2022-12-19,0.99,0.996,0.964,0.967,358261037,350820987
2022-12-20,0.961,0.979,0.961,0.969,282291387,273990824
2022-12-21,0.968,0.975,0.946,0.954,308534100,295924397
2022-12-22,0.958,0.96,0.934,0.937,308666692,292127288
2022-12-23,0.926,0.933,0.91,0.918,344712093,317794686
2022-12-26,0.916,0.944,0.914,0.941,278548853,260497717
2022-12-27,0.941,0.957,0.935,0.955,273419629,258677211
2022-12-28,0.945,0.953,0.941,0.942,204327301,193285048
2022-12-29,0.937,0.952,0.935,0.942,231091606,218160326
2022-12-30,0.947,0.952,0.933,0.934,257381206,241740120
2023-01-03,0.934,0.949,0.923,0.948,293875426,275586367
2023-01-04,0.948,0.961,0.936,0.942,279978200,264916158
2023-01-05,0.942,0.954,0.935,0.95,351869893,332902190
2023-01-06,0.947,0.959,0.94,0.949,380880900,361847546
2023-01-09,0.952,0.968,0.948,0.954,392720200,375876373
2023-01-10,0.954,0.974,0.95,0.963,442137300,425873296
2023-01-11,0.964,0.978,0.95,0.952,392732347,378985800
2023-01-12,0.953,0.955,0.943,0.949,283897900,269374156
2023-01-13,0.952,0.953,0.941,0.951,318144200,301165394
2023-01-16,0.941,0.985,0.94,0.979,638325894,618006927
2023-01-17,0.982,1.011,0.98,1.002,562477755,562819044
2023-01-18,1.003,1.008,0.996,1.001,312110662,312879955
2023-01-19,1.0,1.025,0.997,1.023,463794200,470850895
2023-01-20,1.025,1.029,1.019,1.028,259712210,266087600
2023-01-30,1.039,1.044,1.021,1.027,470541106,484591611
2023-01-31,1.027,1.027,0.998,1.001,437100136,440237363
2023-02-01,1.001,1.021,1.001,1.016,477649110,483444189
2023-02-02,1.024,1.05,1.022,1.033,621430826,643123991
2023-02-03,1.027,1.045,1.017,1.036,559263353,575813078
2023-02-06,1.028,1.037,1.018,1.022,381919233,391212795
2023-02-07,1.021,1.026,1.012,1.02,301242241,306271787
2023-02-08,1.022,1.034,1.006,1.008,349653710,355839394
2023-02-09,1.003,1.05,0.996,1.05,742586144,762895896
2023-02-10,1.046,1.058,1.035,1.045,519125050,543423341
2023-02-13,1.039,1.055,1.031,1.048,358895273,374796552
2023-02-14,1.05,1.068,1.036,1.044,388171560,407626043
2023-02-15,1.046,1.056,1.033,1.056,404776100,423443392
2023-02-16,1.051,1.066,1.018,1.027,638013281,666534198
2023-02-17,1.025,1.028,0.992,0.992,711424117,716912735
2023-02-20,0.991,1.006,0.983,1.006,535932128,532510571
2023-02-21,1.005,1.012,0.991,1.001,398684256,399662898
2023-02-22,0.994,1.005,0.991,0.999,317067700,316104553
2023-02-23,1.0,1.002,0.992,0.997,312465800,311761357
2023-02-24,1.002,1.007,0.99,0.994,347574305,346876873
2023-02-27,0.988,0.992,0.972,0.975,445710990,436972954
2023-02-28,0.978,0.985,0.969,0.981,300149488,293321097
2023-03-01,0.98,0.993,0.977,0.991,426848510,421138998
2023-03-02,0.993,1.0,0.981,0.982,364298850,360463152
2023-03-03,0.997,1.01,0.99,1.007,653287860,655081531
2023-03-06,1.005,1.019,0.995,1.011,484912705,487994994
2023-03-07,1.008,1.013,0.982,0.983,592480800,590537570
2023-03-08,0.981,0.993,0.979,0.991,336833234,332836222
2023-03-09,0.991,1.013,0.991,1.0,463589634,464930630
2023-03-10,0.992,1.012,0.989,0.995,454554800,454735021
2023-03-13,0.991,1.001,0.984,0.996,349511976,346351115
2023-03-14,0.993,1.03,0.985,1.027,868758498,876735191
2023-03-15,1.03,1.047,1.022,1.024,558277685,576456501
2023-03-16,1.015,1.035,1.013,1.016,549589608,563079447
2023-03-17,1.028,1.043,1.016,1.036,601297981,619993003
2023-03-20,1.034,1.068,1.027,1.059,693674776,731043975
2023-03-21,1.056,1.062,1.044,1.057,447968498,471388470
2023-03-22,1.056,1.063,1.048,1.06,403647138,426089134
2023-03-23,1.055,1.107,1.053,1.106,911124363,990068491
2023-03-24,1.106,1.11,1.082,1.097,719214900,788216644
2023-03-27,1.096,1.102,1.071,1.082,532349633,577936426
2023-03-28,1.076,1.082,1.048,1.05,537596400,570884910
2023-03-29,1.05,1.099,1.043,1.084,725969358,777712739
2023-03-30,1.087,1.11,1.081,1.096,788429839,865546853
2023-03-31,1.097,1.107,1.087,1.106,441533243,485241842
2023-04-03,1.122,1.166,1.122,1.165,787299516,900138489
2023-04-04,1.162,1.21,1.155,1.182,932612987,1107453263
2023-04-06,1.176,1.268,1.173,1.231,1034075112,1273464256
2023-04-07,1.239,1.26,1.22,1.25,691974059,856698923
2023-04-10,1.251,1.267,1.197,1.203,878765414,1080812355
2023-04-11,1.203,1.224,1.179,1.206,728496903,875087086
2023-04-12,1.2,1.231,1.187,1.221,612346252,743855504
2023-04-13,1.21,1.221,1.173,1.178,678349308,808675792
2023-04-14,1.192,1.234,1.157,1.233,1057263070,1267011309
2023-04-17,1.232,1.24,1.213,1.221,594033821,727924507
2023-04-18,1.21,1.213,1.176,1.196,725562076,864045026
2023-04-19,1.199,1.223,1.192,1.197,570944658,689152758
2023-04-20,1.189,1.233,1.189,1.23,731688517,892482694
2023-04-21,1.228,1.229,1.16,1.16,796699250,944556143
2023-04-24,1.148,1.162,1.116,1.127,652416703,739835973
2023-04-25,1.128,1.136,1.087,1.102,753387000,836377542
2023-04-26,1.092,1.1,1.06,1.071,1064906379,1148141635
2023-04-27,1.064,1.095,1.061,1.072,932822919,1002995090
2023-04-28,1.063,1.098,1.062,1.089,1051503867,1141321877
2023-05-04,1.08,1.086,1.057,1.061,608386531,647932428
2023-05-05,1.059,1.072,1.045,1.047,518385724,547525773
2023-05-08,1.045,1.063,1.039,1.051,705197500,740966962
2023-05-09,1.05,1.056,1.028,1.029,947402058,986960138
2023-05-10,1.027,1.033,1.005,1.017,702211505,713553996
2023-05-11,1.026,1.032,1.02,1.023,427251118,438081305
2023-05-12,1.027,1.043,1.01,1.011,584286146,599458563
2023-05-15,1.006,1.022,1.0,1.02,583312016,588895121
2023-05-16,1.025,1.04,1.012,1.03,616564237,633102032
2023-05-17,1.026,1.048,1.023,1.039,526969446,547602034
2023-05-18,1.042,1.049,1.038,1.042,527242553,550243142
2023-05-19,1.047,1.07,1.045,1.064,831947890,882613400
2023-05-22,1.07,1.077,1.045,1.053,582746839,614775600
2023-05-23,1.048,1.049,1.027,1.029,460424546,478133960
2023-05-24,1.024,1.048,1.017,1.032,656865002,678099070
2023-05-25,1.036,1.047,1.024,1.043,572051300,592916744
2023-05-26,1.045,1.064,1.045,1.062,770076921,814185888
2023-05-29,1.071,1.083,1.06,1.065,590930090,633448798
2023-05-30,1.06,1.077,1.05,1.073,686463024,727786416
2023-05-31,1.068,1.081,1.063,1.081,562625360,604315357
2023-06-01,1.074,1.088,1.068,1.076,428778486,461655154
2023-06-02,1.08,1.083,1.063,1.075,493565970,530064577
2023-06-05,1.08,1.1,1.074,1.074,528403682,574082920
2023-06-06,1.069,1.07,1.04,1.043,551285987,581841167
2023-06-07,1.043,1.056,1.04,1.049,388010935,406468989
2023-06-08,1.042,1.043,1.023,1.026,502169338,516743038
2023-06-09,1.027,1.041,1.015,1.04,547269620,560766126
2023-06-12,1.037,1.05,1.033,1.04,344094584,358883479
2023-06-13,1.041,1.075,1.033,1.068,769925700,814439433
2023-06-14,1.067,1.072,1.06,1.066,466548178,497401851
2023-06-15,1.07,1.072,1.053,1.06,412797500,437464264
2023-06-16,1.06,1.072,1.053,1.07,573703100,609772840
2023-06-19,1.068,1.078,1.06,1.074,491100975,526245164
2023-06-20,1.07,1.077,1.06,1.068,375681977,401324351
2023-06-21,1.063,1.065,1.025,1.028,745400500,773531921
2023-06-26,1.018,1.031,1.0,1.017,638104900,646602915
2023-06-27,1.016,1.027,1.008,1.015,404448926,410228383
2023-06-28,1.015,1.025,0.995,1.01,515855628,520998576
2023-06-29,1.009,1.023,1.003,1.007,476546545,481852755
2023-06-30,1.003,1.018,0.998,1.014,442837294,447800270
2023-07-03,1.017,1.028,1.01,1.02,477646598,485874083
2023-07-04,1.021,1.055,1.014,1.043,750760457,778267498
2023-07-05,1.038,1.047,1.03,1.032,348720500,361914906
2023-07-06,1.028,1.042,1.026,1.032,318080600,328924908
2023-07-07,1.026,1.027,1.009,1.015,409631200,416490419
2023-07-10,1.016,1.027,1.014,1.018,306677300,312606511
2023-07-11,1.018,1.045,1.017,1.044,612220972,634661879
2023-07-12,1.043,1.044,1.015,1.018,524764857,539969566
2023-07-13,1.023,1.041,1.023,1.036,460195464,475921432
2023-07-14,1.041,1.054,1.038,1.039,416189166,434286082
2023-07-17,1.033,1.035,1.025,1.031,279666854,287714306
2023-07-18,1.034,1.047,1.029,1.03,376615785,390772768
2023-07-19,1.028,1.035,1.013,1.019,557625285,569655742
2023-07-20,1.021,1.022,0.999,1.001,522404300,526896900
2023-07-21,0.997,1.006,0.991,0.994,445893391,444710810
2023-07-24,0.993,0.999,0.987,0.988,315578260,313215006
2023-07-25,0.997,1.005,0.992,1.004,477820500,477223467
2023-07-26,1.004,1.01,0.999,1.004,290415800,291573348
2023-07-27,1.003,1.004,0.985,0.987,525471600,522766706
2023-07-28,0.986,0.996,0.981,0.994,500864409,495688666
2023-07-31,0.994,1.009,0.99,1.007,529399300,530546168
2023-08-01,1.007,1.011,1.001,1.009,366586034,368902337
2023-08-02,1.005,1.017,1.005,1.011,429331557,434191844
2023-08-03,1.008,1.015,1.003,1.013,377594678,381632231
2023-08-04,1.016,1.019,1.001,1.008,467163748,471529490
2023-08-07,1.008,1.01,1.0,1.002,343435040,344459803
2023-08-08,1.001,1.007,0.996,0.997,468522500,468941274
2023-08-09,0.995,0.997,0.987,0.988,361661900,358296089
2023-08-10,0.988,0.996,0.986,0.991,272019200,269315296
2023-08-11,0.993,0.993,0.969,0.971,420796600,411938315
2023-08-14,0.963,0.964,0.951,0.963,497137332,475952229
2023-08-15,0.963,0.966,0.928,0.937,622406684,585603546
2023-08-16,0.934,0.941,0.916,0.917,473457500,439287412
2023-08-17,0.913,0.929,0.91,0.924,347097337,319423526
2023-08-18,0.928,0.931,0.912,0.913,291000400,268430973
2023-08-21,0.913,0.918,0.9,0.901,358268500,325626594
2023-08-22,0.905,0.915,0.888,0.915,433969867,391011573
2023-08-23,0.91,0.911,0.89,0.892,316729200,285407605
2023-08-24,0.898,0.916,0.893,0.908,386188637,349674350
2023-08-25,0.902,0.902,0.881,0.887,385840900,344313997
2023-08-28,0.939,0.947,0.89,0.894,485815300,443616146
2023-08-29,0.893,0.932,0.89,0.93,590827589,541235271
2023-08-30,0.945,0.968,0.94,0.953,962391669,918476918
2023-08-31,0.948,0.966,0.942,0.96,538926570,515255180
2023-09-01,0.962,0.973,0.945,0.954,361845999,346268952
2023-09-04,0.957,0.967,0.947,0.967,370345950,353508393
2023-09-05,0.97,0.979,0.958,0.963,593048309,574620947
2023-09-06,0.96,0.986,0.956,0.983,581374076,565298783
2023-09-07,0.976,0.976,0.945,0.945,509429882,488068353
2023-09-08,0.94,0.958,0.939,0.953,395150289,375742274
2023-09-11,0.951,0.961,0.944,0.954,320290799,305465526
2023-09-12,0.954,0.955,0.942,0.945,239713601,226832782
2023-09-13,0.944,0.95,0.925,0.934,400215800,374697141
2023-09-14,0.933,0.936,0.915,0.92,381479501,351744482
2023-09-15,0.924,0.947,0.912,0.931,433178633,402614702
2023-09-18,0.928,0.93,0.916,0.918,315533500,290829880
2023-09-19,0.918,0.922,0.904,0.913,315148800,287595220
2023-09-20,0.909,0.917,0.9,0.901,253590400,229920954
2023-09-21,0.896,0.906,0.895,0.898,241437600,217169172
2023-09-22,0.895,0.919,0.892,0.918,353280900,320753920
2023-09-25,0.919,0.919,0.907,0.909,252372126,229760045
2023-09-26,0.908,0.911,0.899,0.9,245805200,222090924
2023-09-27,0.899,0.913,0.898,0.901,356687976,322254519
2023-09-28,0.903,0.918,0.897,0.912,314681000,285432879
2023-10-09,0.91,0.921,0.904,0.918,317227914,290013762
2023-10-10,0.919,0.931,0.918,0.924,320763378,297099687
2023-10-11,0.926,0.942,0.923,0.939,371936078,347424455
2023-10-12,0.943,0.947,0.932,0.945,330148398,310376005
2023-10-13,0.938,0.949,0.935,0.943,270450300,254847418
2023-10-16,0.942,0.942,0.912,0.917,339550200,313114674
2023-10-17,0.915,0.928,0.91,0.924,289198200,265959425
2023-10-18,0.922,0.934,0.911,0.912,291226385,268224845
2023-10-19,0.906,0.939,0.905,0.921,446701950,414588804
2023-10-20,0.917,0.923,0.902,0.903,359596074,327841648
2023-10-23,0.9,0.902,0.877,0.882,383504999,339846140
2023-10-24,0.887,0.905,0.874,0.9,376430428,335625484
2023-10-25,0.905,0.907,0.894,0.9,464386600,417905161
2023-10-26,0.896,0.903,0.889,0.901,231070753,207075055
2023-10-27,0.895,0.926,0.893,0.921,442377889,403274127
2023-10-30,0.922,0.964,0.921,0.961,828388734,787672510
2023-10-31,0.965,0.973,0.95,0.96,361718051,347069785
2023-11-01,0.961,0.965,0.951,0.955,271171323,259727336
2023-11-02,0.958,0.962,0.94,0.945,287487900,273159128
2023-11-03,0.944,0.969,0.943,0.967,394095600,377429089
2023-11-06,0.974,0.992,0.97,0.985,582597800,572564176
2023-11-07,0.981,0.994,0.978,0.989,471914100,465741714
2023-11-08,0.988,1.001,0.984,0.991,432989577,429409089
2023-11-09,0.988,0.996,0.976,0.979,320988900,315581069
2023-11-10,0.973,0.988,0.971,0.974,259186726,253529082
2023-11-13,0.981,0.984,0.97,0.977,253318738,247005819
2023-11-14,0.976,0.988,0.972,0.986,321541338,316035801
2023-11-15,0.997,1.0,0.981,0.983,360413500,356703311
2023-11-16,0.981,0.981,0.964,0.965,392644800,381330039
2023-11-17,0.963,0.974,0.962,0.969,292029905,282547582
2023-11-20,0.973,0.976,0.958,0.965,266668094,257069325
2023-11-21,0.966,0.971,0.951,0.953,312710200,300361368
2023-11-22,0.953,0.953,0.937,0.938,329611390,311250034
2023-11-23,0.938,0.949,0.932,0.947,322752537,303616899
2023-11-24,0.946,0.946,0.931,0.932,279516360,261653602
2023-11-27,0.931,0.946,0.929,0.945,366929574,344546261
2023-11-28,0.944,0.95,0.938,0.946,235187201,221951889
2023-11-29,0.947,0.958,0.945,0.946,266245388,253310183
2023-11-30,0.945,0.945,0.935,0.944,198441163,186664571
2023-12-01,0.944,0.949,0.933,0.948,266847391,250960774
2023-12-04,0.949,0.952,0.937,0.938,207075900,195460951
2023-12-05,0.935,0.935,0.908,0.91,300109100,276127496
2023-12-06,0.908,0.918,0.907,0.91,257636100,234825035
2023-12-07,0.91,0.911,0.895,0.9,312270300,281028471
2023-12-08,0.902,0.914,0.898,0.91,332307285,301542635
2023-12-11,0.907,0.93,0.901,0.93,363652776,333345612
2023-12-12,0.927,0.933,0.921,0.927,218886313,202719284
2023-12-13,0.927,0.932,0.915,0.917,239241083,220879749
2023-12-14,0.922,0.927,0.913,0.913,255074409,234489751
2023-12-15,0.917,0.918,0.905,0.907,211813600,192832507
2023-12-18,0.902,0.903,0.891,0.893,257083406,230678010
2023-12-19,0.893,0.911,0.89,0.904,241195800,217386017
2023-12-20,0.907,0.907,0.892,0.893,181532595,163044368
2023-12-21,0.89,0.907,0.885,0.901,280351599,250685193
2023-12-22,0.9,0.902,0.885,0.89,308560500,275483455
2023-12-25,0.887,0.893,0.879,0.883,244264072,215709307
2023-12-26,0.881,0.882,0.858,0.862,395257933,342275270
2023-12-27,0.864,0.88,0.863,0.876,325101286,284140100
2023-12-28,0.876,0.898,0.87,0.893,350667731,311122349
2023-12-29,0.892,0.902,0.891,0.897,266740186,239145809
2024-01-02,0.897,0.898,0.881,0.881,258324700,228667444
2024-01-03,0.88,0.882,0.86,0.865,369017660,320165765
2024-01-04,0.864,0.865,0.845,0.852,330148064,281304498
2024-01-05,0.85,0.858,0.831,0.839,285628400,241016823
2024-01-08,0.837,0.837,0.809,0.81,411455957,336436532
2024-01-09,0.813,0.821,0.802,0.809,348869281,283683075
2024-01-10,0.806,0.814,0.793,0.8,317852800,254672116
2024-01-11,0.8,0.816,0.798,0.812,539687484,436681986
2024-01-12,0.81,0.811,0.796,0.797,288480050,231871081
2024-01-15,0.793,0.813,0.79,0.801,345361755,277299711
2024-01-16,0.799,0.805,0.788,0.8,299901561,238818749
2024-01-17,0.8,0.801,0.778,0.779,256938449,202776828
2024-01-18,0.775,0.796,0.764,0.795,485783200,377043538
2024-01-19,0.793,0.803,0.79,0.793,269290800,214497922
2024-01-22,0.791,0.793,0.758,0.762,330100131,256528645
2024-01-23,0.762,0.776,0.754,0.772,351827600,270075628
2024-01-24,0.774,0.777,0.742,0.769,425217432,322287145
2024-01-25,0.767,0.787,0.759,0.784,446112445,346244198
2024-01-26,0.778,0.778,0.756,0.758,566465444,433655107
2024-01-29,0.759,0.77,0.738,0.738,337215600,252845369
2024-01-30,0.732,0.738,0.705,0.708,452033479,325283128
2024-01-31,0.707,0.709,0.688,0.69,482935996,337074321
2024-02-01,0.685,0.713,0.681,0.699,474337304,331483130
2024-02-02,0.697,0.703,0.651,0.671,460419300,312665106
2024-02-05,0.663,0.68,0.628,0.664,560133244,367554607
2024-02-06,0.658,0.712,0.655,0.711,480805200,331150925
2024-02-07,0.711,0.735,0.707,0.728,379007341,274968704
2024-02-08,0.736,0.766,0.735,0.755,414410198,312067677
2024-02-19,0.776,0.776,0.75,0.765,351020900,267557600
2024-02-20,0.762,0.765,0.746,0.762,277493507,209221769
2024-02-21,0.754,0.777,0.749,0.764,406466847,311206663
2024-02-22,0.767,0.778,0.763,0.775,280233818,216261241
2024-02-23,0.779,0.783,0.768,0.777,263871669,204353042
2024-02-26,0.777,0.793,0.773,0.781,337413646,263948896
2024-02-27,0.779,0.819,0.773,0.818,459742736,368076524
2024-02-28,0.819,0.833,0.781,0.782,470557363,380681584
2024-02-29,0.779,0.833,0.778,0.833,784021604,640325520
2024-03-01,0.838,0.852,0.829,0.852,656962992,553979000
2024-03-04,0.856,0.86,0.837,0.854,429740805,366143334
2024-03-05,0.852,0.862,0.844,0.848,355877915,303884875
2024-03-06,0.845,0.848,0.826,0.837,283025531,236751363
2024-03-07,0.844,0.85,0.818,0.819,351673294,292294407
2024-03-08,0.823,0.841,0.818,0.839,396328300,329244581
2024-03-11,0.83,0.849,0.824,0.848,368090800,308028436
2024-03-12,0.848,0.868,0.843,0.852,349070900,298454892
2024-03-13,0.857,0.866,0.847,0.849,288276684,246845775
2024-03-14,0.843,0.846,0.825,0.836,271293800,226673528
2024-03-15,0.834,0.839,0.821,0.838,220778770,183127190
2024-03-18,0.84,0.86,0.837,0.86,365161361,310212727
2024-03-19,0.857,0.864,0.849,0.85,245011639,209701643
2024-03-20,0.85,0.854,0.838,0.848,220594800,186681498
2024-03-21,0.855,0.864,0.843,0.847,290991458,248241807
2024-03-22,0.848,0.857,0.838,0.838,316812210,267963037
2024-03-25,0.838,0.84,0.815,0.817,280818100,232551107
2024-03-26,0.82,0.828,0.803,0.807,337312150,274215080
2024-03-27,0.809,0.811,0.778,0.78,314757712,249572380
2024-03-28,0.781,0.805,0.777,0.792,356634573,282731079
2024-03-29,0.792,0.796,0.777,0.795,240748000,189229259
2024-04-01,0.8,0.808,0.796,0.806,248289600,199384559
2024-04-02,0.806,0.808,0.786,0.792,262026861,208047549
2024-04-03,0.792,0.796,0.776,0.783,316555615,248600022
2024-04-08,0.783,0.783,0.761,0.761,265040071,204399351
2024-04-09,0.761,0.771,0.756,0.771,252403256,193066627
2024-04-10,0.771,0.772,0.745,0.748,272583600,205333916
2024-04-11,0.745,0.763,0.744,0.749,287532800,217344439
2024-04-12,0.754,0.766,0.751,0.753,273404228,207160242
2024-04-15,0.756,0.772,0.752,0.767,253756660,193779613
2024-04-16,0.766,0.766,0.742,0.744,261151371,196438322
2024-04-17,0.751,0.773,0.748,0.772,338371600,257957766
2024-04-18,0.768,0.777,0.758,0.765,250930568,192714882
2024-04-19,0.761,0.761,0.738,0.741,323387587,241287440
2024-04-22,0.735,0.747,0.721,0.744,212204778,156143950
2024-04-23,0.744,0.749,0.735,0.74,143147300,105989303
2024-04-24,0.743,0.755,0.74,0.754,236195100,176876810
2024-04-25,0.748,0.764,0.745,0.753,218317800,164892683
2024-04-26,0.751,0.776,0.75,0.774,302696900,232337044
2024-04-29,0.779,0.808,0.777,0.804,383565500,306058279
2024-04-30,0.804,0.805,0.79,0.793,287492600,228833480
2024-05-06,0.805,0.812,0.799,0.801,268249300,215965142
2024-05-07,0.802,0.806,0.793,0.796,200006000,159628123
2024-05-08,0.796,0.796,0.781,0.784,184481300,145271096
2024-05-09,0.786,0.803,0.785,0.803,286278400,228078403
2024-05-10,0.804,0.805,0.783,0.788,271810300,214562387
2024-05-13,0.78,0.79,0.773,0.779,202437400,158067337
2024-05-14,0.782,0.788,0.774,0.779,222465800,173460392
2024-05-15,0.778,0.782,0.766,0.767,269197400,208120634
2024-05-16,0.772,0.776,0.766,0.768,210181699,161960790
2024-05-17,0.769,0.779,0.761,0.779,261361300,201476854
2024-05-20,0.778,0.788,0.774,0.781,290154000,226735236
2024-05-21,0.779,0.781,0.773,0.774,160941500,124887762
2024-05-22,0.774,0.779,0.766,0.778,288638109,222874995
2024-05-23,0.777,0.778,0.763,0.764,240301209,184844588
2024-05-24,0.763,0.768,0.743,0.744,251970200,190146268
2024-05-27,0.746,0.77,0.736,0.77,585914900,442108422
2024-05-28,0.771,0.792,0.767,0.769,715823994,556813446
2024-05-29,0.765,0.773,0.76,0.765,256101344,196275677
2024-05-30,0.763,0.787,0.755,0.782,516640850,401417371
2024-05-31,0.78,0.79,0.776,0.778,246518600,192831533
2024-06-03,0.779,0.798,0.778,0.792,581498000,460106257
2024-06-04,0.792,0.796,0.784,0.794,406998800,321059119
2024-06-05,0.793,0.809,0.791,0.797,379425000,304375328
2024-06-06,0.807,0.813,0.793,0.795,624422150,502306341
2024-06-07,0.798,0.808,0.784,0.794,389221048,309734786
2024-06-11,0.794,0.825,0.791,0.824,600039788,487317208
2024-06-12,0.823,0.83,0.817,0.82,478724047,393348072
2024-06-13,0.825,0.839,0.824,0.828,436374000,362717402
2024-06-14,0.824,0.827,0.815,0.825,306768100,252036684
2024-06-17,0.823,0.846,0.819,0.842,362731757,303658468
2024-06-18,0.842,0.851,0.836,0.841,337381674,284300222
2024-06-19,0.843,0.848,0.83,0.841,387177600,324619798
2024-06-20,0.838,0.863,0.837,0.842,584926900,498385195
2024-06-21,0.835,0.846,0.821,0.846,387858900,323473058
2024-06-24,0.841,0.854,0.82,0.824,639174000,534937296
2024-06-25,0.821,0.823,0.784,0.791,602294458,482118058
2024-06-26,0.793,0.812,0.785,0.809,459867000,366863179
2024-06-27,0.803,0.815,0.795,0.798,292506300,235154943
2024-06-28,0.799,0.81,0.793,0.799,325707736,261663144
2024-07-01,0.798,0.802,0.78,0.797,275014100,217490020
2024-07-02,0.797,0.797,0.781,0.783,260817956,205598391
2024-07-03,0.784,0.802,0.773,0.794,341338500,268932414
2024-07-04,0.793,0.798,0.78,0.782,251653800,198474216
2024-07-05,0.782,0.785,0.764,0.781,327900500,253814319
2024-07-08,0.787,0.796,0.778,0.781,343160000,270426925
2024-07-09,0.78,0.815,0.777,0.813,517620100,414270755
2024-07-10,0.81,0.818,0.807,0.812,283924900,230577353
2024-07-11,0.825,0.829,0.806,0.82,466178387,381594180
2024-07-12,0.814,0.83,0.808,0.824,356442100,291761539
2024-07-15,0.827,0.838,0.826,0.831,346249600,287998338
2024-07-16,0.827,0.858,0.825,0.855,526026948,444142781
2024-07-17,0.853,0.86,0.846,0.847,364430900,311394141
2024-07-18,0.834,0.855,0.821,0.849,651345800,545651546
2024-07-19,0.844,0.876,0.842,0.869,633061573,548280644
2024-07-22,0.873,0.881,0.865,0.871,522354998,455657711
2024-07-23,0.869,0.869,0.827,0.829,525881050,444729776
2024-07-24,0.826,0.839,0.816,0.82,506949241,419773990
2024-07-25,0.814,0.822,0.807,0.812,370663638,301446959
2024-07-26,0.813,0.823,0.804,0.819,369264700,300395678
2024-07-29,0.818,0.824,0.804,0.805,281991400,229364359
2024-07-30,0.802,0.815,0.794,0.814,323196056,260139999
2024-07-31,0.809,0.845,0.807,0.844,465941756,387000798
2024-08-01,0.847,0.86,0.838,0.849,521762218,442911477
2024-08-02,0.838,0.847,0.822,0.825,394541470,329361236
2024-08-05,0.814,0.825,0.787,0.789,565352500,454495221
2024-08-06,0.8,0.805,0.782,0.794,348197857,275258591
2024-08-07,0.793,0.797,0.783,0.785,285072100,225400436
2024-08-08,0.78,0.799,0.771,0.788,327550200,257070747
2024-08-09,0.8,0.804,0.787,0.788,259327157,206250456
2024-08-12,0.784,0.789,0.779,0.784,186513499,146183433
2024-08-13,0.784,0.791,0.78,0.79,200913900,157838635
2024-08-14,0.793,0.794,0.777,0.778,215925600,169431702
2024-08-15,0.774,0.793,0.773,0.783,271169218,212624516
2024-08-16,0.784,0.789,0.778,0.78,212375200,166301194
2024-08-19,0.78,0.789,0.776,0.78,211250400,165567755
2024-08-20,0.781,0.783,0.765,0.768,245396700,189238050
2024-08-21,0.766,0.775,0.762,0.764,190535497,146226912
2024-08-22,0.765,0.765,0.749,0.751,234981533,177210667
2024-08-23,0.748,0.75,0.738,0.747,223308300,166090674
2024-08-26,0.746,0.753,0.741,0.745,174211000,130091383
2024-08-27,0.743,0.743,0.73,0.733,226020600,166114227
2024-08-28,0.732,0.737,0.728,0.733,189770000,139099404
2024-08-29,0.729,0.748,0.725,0.743,236353700,174833037
2024-08-30,0.741,0.775,0.741,0.769,395065604,302232903
2024-09-02,0.765,0.771,0.74,0.741,282373200,212730964
2024-09-03,0.739,0.753,0.739,0.746,207732000,155052054
2024-09-04,0.738,0.746,0.733,0.74,213850400,158251074
2024-09-05,0.74,0.748,0.734,0.739,203905800,151039266
2024-09-06,0.741,0.741,0.725,0.727,190157800,139158243
2024-09-09,0.723,0.733,0.719,0.723,191461200,138814352
2024-09-10,0.724,0.733,0.713,0.729,302099800,218332975
2024-09-11,0.726,0.729,0.722,0.726,162178900,117698745
2024-09-12,0.729,0.735,0.717,0.719,213024800,154671853
2024-09-13,0.718,0.723,0.707,0.708,252294200,180584205
2024-09-18,0.711,0.713,0.696,0.703,207865500,145807637
2024-09-19,0.706,0.719,0.698,0.71,255170000,181006463
2024-09-20,0.711,0.713,0.698,0.704,248426100,174603969
2024-09-23,0.703,0.711,0.696,0.696,221598900,155530313
2024-09-24,0.701,0.725,0.692,0.725,494347300,351298835
2024-09-25,0.735,0.748,0.727,0.73,478075700,353222673
2024-09-26,0.727,0.763,0.725,0.762,578758932,429645515
2024-09-27,0.777,0.818,0.771,0.817,401575600,316490275
2024-09-30,0.865,0.899,0.85,0.899,855415908,755039219
2024-10-08,0.989,0.989,0.989,0.989,619419005,612605396
2024-10-09,1.088,1.088,1.005,1.088,2700402129,2918814850
2024-10-10,1.108,1.128,1.028,1.051,1931550088,2079768099
2024-10-11,1.026,1.042,0.971,0.986,927384307,929657169
2024-10-14,0.984,1.023,0.956,1.019,812150706,806225747
2024-10-15,1.02,1.05,1.0,1.001,801564747,820039284
2024-10-16,0.971,0.997,0.967,0.977,548120000,536730462
2024-10-17,1.0,1.005,0.978,0.98,508267900,504590555
2024-10-18,0.979,1.078,0.97,1.078,1232055600,1287164812
2024-10-21,1.112,1.186,1.098,1.122,2547619299,2916126600
2024-10-22,1.103,1.134,1.087,1.104,915111000,1012127427
2024-10-23,1.093,1.111,1.082,1.087,805906648,882822228
2024-10-24,1.077,1.102,1.073,1.089,625110400,680515527
2024-10-25,1.09,1.121,1.077,1.097,676538700,740741258
2024-10-28,1.095,1.097,1.081,1.095,576104620,627247815
2024-10-29,1.095,1.13,1.091,1.093,782985112,865602978
2024-10-30,1.083,1.095,1.062,1.076,660826481,713196241
2024-10-31,1.075,1.114,1.061,1.099,1177655700,1282189414
2024-11-01,1.088,1.096,1.055,1.057,676725300,727231383
2024-11-04,1.056,1.079,1.052,1.075,416928984,445725174
2024-11-05,1.076,1.132,1.072,1.127,872941716,970894446
2024-11-06,1.136,1.164,1.118,1.148,950357600,1086166247
2024-11-07,1.139,1.188,1.13,1.18,826738600,956941230
2024-11-08,1.2,1.24,1.18,1.184,976667366,1177258712
2024-11-11,1.193,1.26,1.192,1.26,1108748498,1372380299
2024-11-12,1.265,1.266,1.21,1.23,983965280,1214876580
2024-11-13,1.215,1.23,1.2,1.227,902804300,1096975543
2024-11-14,1.22,1.225,1.176,1.181,810982572,978195385
2024-11-15,1.175,1.184,1.127,1.13,684006071,790656633
2024-11-18,1.129,1.142,1.095,1.103,659191335,735642439
2024-11-19,1.107,1.143,1.091,1.143,690539400,772211549
2024-11-20,1.135,1.144,1.122,1.137,635784200,720315318
2024-11-21,1.133,1.158,1.129,1.141,575365600,657431762
2024-11-22,1.143,1.155,1.09,1.094,555398700,624115200
2024-11-25,1.093,1.098,1.057,1.079,587383149,630907372
2024-11-26,1.073,1.089,1.068,1.069,404517600,435883118
2024-11-27,1.065,1.107,1.051,1.105,696044462,751353118
2024-11-28,1.106,1.126,1.095,1.101,461416400,511551870
2024-11-29,1.097,1.142,1.086,1.122,641435400,716105048
2024-12-02,1.118,1.138,1.113,1.129,570783100,643554218
2024-12-03,1.131,1.136,1.1,1.11,680184800,758449648
2024-12-04,1.136,1.148,1.109,1.113,676574900,764440139
2024-12-05,1.104,1.115,1.101,1.111,371541100,411477972
2024-12-06,1.108,1.134,1.1,1.124,553970900,620112041
2024-12-09,1.121,1.125,1.099,1.106,387483400,430257328
2024-12-10,1.154,1.16,1.111,1.114,933845606,1056685821
2024-12-11,1.108,1.121,1.104,1.11,379256800,421190279
2024-12-12,1.11,1.118,1.101,1.117,398825300,442803282
2024-12-13,1.11,1.118,1.097,1.1,453445800,501352179
2024-12-16,1.101,1.103,1.075,1.081,396316300,431890481
2024-12-17,1.079,1.086,1.069,1.072,336097000,361733971
2024-12-18,1.073,1.106,1.07,1.101,555773400,606137420
2024-12-19,1.087,1.134,1.082,1.125,582323345,649133339
2024-12-20,1.119,1.18,1.119,1.16,879552900,1015160498
2024-12-23,1.16,1.18,1.14,1.143,436874582,505586878
2024-12-24,1.146,1.161,1.121,1.159,415204500,474327840
2024-12-25,1.161,1.175,1.152,1.16,377745200,439990629
2024-12-26,1.155,1.183,1.15,1.181,529709099,621875864
2024-12-27,1.178,1.202,1.167,1.169,455276210,540170085
2024-12-30,1.165,1.188,1.159,1.172,300151000,352231407
2024-12-31,1.172,1.176,1.124,1.125,385149200,440287564
2025-01-02,1.121,1.121,1.06,1.074,592520300,644893803
2025-01-03,1.075,1.079,1.05,1.052,451622000,480176766
2025-01-06,1.05,1.065,1.035,1.043,346904000,363360675
2025-01-07,1.046,1.089,1.045,1.089,505105400,538376068
2025-01-08,1.074,1.103,1.053,1.089,450681800,486795906
2025-01-09,1.081,1.104,1.081,1.092,333778099,366022512
2025-01-10,1.088,1.125,1.086,1.087,519121599,575336134
2025-01-13,1.071,1.087,1.064,1.082,263150550,282721427
2025-01-14,1.089,1.125,1.072,1.124,463833400,512825072
2025-01-15,1.121,1.137,1.11,1.12,338622200,380039488
2025-01-16,1.126,1.138,1.089,1.095,474979800,527299039
2025-01-17,1.087,1.134,1.085,1.118,483964600,538060124
2025-01-20,1.123,1.128,1.109,1.118,306138610,342678111
2025-01-21,1.123,1.14,1.112,1.13,361760489,407402397
2025-01-22,1.125,1.138,1.122,1.13,294160700,332170959
2025-01-23,1.142,1.154,1.112,1.114,401274100,454963926
2025-01-24,1.112,1.125,1.108,1.121,256908100,287494498
2025-01-27,1.121,1.121,1.087,1.088,306108300,337131795
2025-02-05,1.12,1.131,1.11,1.123,486424600,545935903
2025-02-06,1.116,1.172,1.114,1.168,557727100,643416917
2025-02-07,1.169,1.198,1.153,1.173,581339399,684096765
2025-02-10,1.176,1.188,1.172,1.188,378568100,447118225
2025-02-11,1.186,1.187,1.163,1.174,306012300,359250809
2025-02-12,1.172,1.213,1.17,1.212,536399595,640098109
2025-02-13,1.21,1.211,1.178,1.18,381118293,454500277
2025-02-14,1.173,1.18,1.158,1.179,335163600,392066885
2025-02-17,1.179,1.198,1.175,1.193,495084442,587709022
2025-02-18,1.192,1.204,1.164,1.169,462815600,549177498
2025-02-19,1.169,1.218,1.168,1.218,640622000,770501811
2025-02-20,1.217,1.222,1.201,1.211,281523800,341047604
2025-02-21,1.215,1.287,1.215,1.275,720236790,904899542
2025-02-24,1.269,1.294,1.261,1.279,549345400,702030110
2025-02-25,1.255,1.299,1.25,1.274,498155200,633550934
2025-02-26,1.277,1.303,1.256,1.299,496044434,638831279
2025-02-27,1.3,1.311,1.261,1.294,623950176,800160480
2025-02-28,1.282,1.289,1.228,1.231,541951001,679088021
2025-03-03,1.23,1.242,1.205,1.213,344424400,420699624
2025-03-04,1.195,1.257,1.19,1.244,432043998,530379074
2025-03-05,1.247,1.261,1.231,1.248,300916800,375033202
2025-03-06,1.262,1.292,1.26,1.283,385150310,493735809
2025-03-07,1.273,1.281,1.257,1.264,299542500,380104778
2025-03-10,1.262,1.27,1.244,1.264,360562500,453031113
2025-03-11,1.244,1.263,1.24,1.255,324790730,406063456
2025-03-12,1.263,1.272,1.251,1.252,238992500,301606955
2025-03-13,1.25,1.25,1.209,1.217,365831500,448984372
2025-03-14,1.216,1.241,1.215,1.241,360739100,444023885
2025-03-17,1.241,1.242,1.229,1.234,146548300,180956749
2025-03-18,1.239,1.258,1.238,1.241,273237100,340208295
2025-03-19,1.235,1.243,1.221,1.225,196836500,241887115
2025-03-20,1.224,1.228,1.212,1.214,320658800,391465899
2025-03-21,1.209,1.215,1.177,1.183,317743000,378464388
2025-03-24,1.181,1.194,1.17,1.193,246145900,291703682
2025-03-25,1.192,1.194,1.167,1.172,253853900,298898583
2025-03-26,1.17,1.182,1.168,1.17,196118900,230716383
2025-03-27,1.167,1.2,1.166,1.181,247358882,292042407
2025-03-28,1.179,1.185,1.162,1.163,220672900,258372660
2025-03-31,1.158,1.169,1.144,1.162,268004000,310335260
2025-04-01,1.165,1.172,1.158,1.162,213476100,248875891
2025-04-02,1.159,1.17,1.156,1.161,157085400,182510784
2025-04-03,1.149,1.175,1.148,1.157,205875507,239535709
2025-04-07,1.106,1.121,1.041,1.047,454411342,490473761
2025-04-08,1.063,1.081,1.037,1.057,336200308,355952145
2025-04-09,1.036,1.126,1.029,1.11,486510550,532066532
2025-04-10,1.132,1.143,1.114,1.121,359129600,405005138
2025-04-11,1.12,1.198,1.116,1.17,711188400,828971506
2025-04-14,1.186,1.188,1.157,1.171,479950900,561245791
2025-04-15,1.165,1.166,1.145,1.156,281811300,324552081
2025-04-16,1.165,1.169,1.146,1.165,219057300,253807407
2025-04-17,1.155,1.184,1.155,1.17,236831200,277921618
2025-04-18,1.164,1.166,1.151,1.159,171332741,198263232
2025-04-21,1.161,1.172,1.157,1.171,155946600,182153562
2025-04-22,1.17,1.177,1.162,1.167,172862900,202215254
2025-04-23,1.168,1.173,1.157,1.165,206535500,240247998
2025-04-24,1.167,1.168,1.148,1.152,151847000,175457124
2025-04-25,1.152,1.159,1.14,1.151,205185200,235652621
2025-04-28,1.147,1.159,1.143,1.152,126171520,145305628
2025-04-29,1.15,1.165,1.144,1.163,169973644,196253914
2025-04-30,1.162,1.178,1.159,1.175,179773600,210675905
2025-05-06,1.18,1.193,1.177,1.192,235458914,279465164
2025-05-07,1.206,1.211,1.178,1.188,223343893,266147863
2025-05-08,1.183,1.187,1.176,1.182,152562304,180144708
2025-05-09,1.176,1.177,1.153,1.156,227082508,263507656
